{
  "strategy": "full",
  "dataset_size": 10000,
  "trainable_params": 66955010,
  "train_time": 2109.243427991867,
  "train_runtime_from_trainer": 2108.6784,
  "train_samples": 10000,
  "eval_loss": 0.25121867656707764,
  "eval_accuracy": 0.9046,
  "eval_f1": 0.904591280253631,
  "eval_steps_used": 156,
  "logging_steps_used": 39
}