{
  "strategy": "full",
  "dataset_size": 25000,
  "trainable_params": 66955010,
  "train_time": 3408.66047000885,
  "train_runtime_from_trainer": 3408.3631,
  "train_samples": 25000,
  "eval_loss": 0.3417150676250458,
  "eval_accuracy": 0.91636,
  "eval_f1": 0.916356267615916,
  "eval_steps_used": 390,
  "logging_steps_used": 97
}