{
  "strategy": "lora",
  "dataset_size": 5000,
  "trainable_params": 739586,
  "train_time": 1690.135426044464,
  "train_runtime_from_trainer": 1690.0405,
  "train_samples": 5000,
  "eval_loss": 0.3037601709365845,
  "eval_accuracy": 0.86892,
  "eval_f1": 0.8689179444236372,
  "eval_steps_used": 78,
  "logging_steps_used": 19
}