{
  "strategy": "lora",
  "dataset_size": 10000,
  "trainable_params": 739586,
  "train_time": 2050.7333691120148,
  "train_runtime_from_trainer": 2050.6443,
  "train_samples": 10000,
  "eval_loss": 0.27724799513816833,
  "eval_accuracy": 0.88236,
  "eval_f1": 0.8823112145148283,
  "eval_steps_used": 156,
  "logging_steps_used": 39
}